<?xml version="1.0" encoding="UTF-8" ?>
<bundle xmlns="http://v8.1c.ru/8.2/addin/bundle" name="org_google_asdfghgghjdhg_TSDAndroidReceiver">
  <component os="Android" path="libTSDAndroidNativeApi_ARM.so" codeType="c++" type="native" arch="ARM" name="org_google_asdfghgghjdhg_TSDAndroidReceiver"/>
  <component os="Android" path="app-debug.apk" codeType="java" type="native" arch="ARM"/>
  <component os="Android" path="libTSDAndroidNativeApi_ARM64.so" codeType="c++" type="native" arch="ARM64" name="org_google_asdfghgghjdhg_TSDAndroidReceiver"/>
  <component os="Android" path="app-debug.apk" codeType="java" type="native" arch="ARM64"/>
  <component os="Android" path="libTSDAndroidNativeApi_x86.so" codeType="c++" type="native" arch="i386" name="org_google_asdfghgghjdhg_TSDAndroidReceiver"/>
  <component os="Android" path="app-debug.apk" codeType="java" type="native" arch="i386"/>
  <component os="Android" path="libTSDAndroidNativeApi_x64.so" codeType="c++" type="native" arch="x86_64" name="org_google_asdfghgghjdhg_TSDAndroidReceiver"/>
  <component os="Android" path="app-debug.apk" codeType="java" type="native" arch="x86_x64"/>
</bundle>